classification,avg_trades_per_day,avg_size_usd,avg_leverage_proxy,avg_long_short_r
Extreme Fear,133.75,6773.464125428701,7.602251745580799,10368750002.364838
Fear,98.15396825396826,8975.928545864448,3.004724935540237,5547619049.265067
Neutral,100.22872340425532,6963.694860853634,3.063316456336523,4752659576.167233
Greed,77.62808641975309,6427.866594360551,3.723911540548034,4396604939.679452
Extreme Greed,76.03041825095058,5371.637181741856,3.9910082770448336,4467680609.5664
